auc_roc_mean,auc_roc_std,auc_pr_mean,auc_pr_std,bal_acc_mean,bal_acc_std,descriptor,model
0.5707500625934234,0.01685543539274774,0.4024869264356452,0.01274469410574041,0.5563132108645475,0.013570599391699686,glcm,SVM_linear
0.5641912554639745,0.019841987682897758,0.397118713684588,0.022942339902507367,0.5497898458111077,0.012714615651634186,glcm,SVM_rbf
0.5609407547838196,0.009990275368353577,0.39984607445886555,0.027064025302201627,0.5390895055402365,0.006519697476807473,glcm,RandomForest
0.562728278099504,0.01429849250197598,0.3896091025707813,0.019085247294509125,0.5198446603102663,0.007835840787788106,glcm,XGBoost
0.5688747925203238,0.009570567993744245,0.39859948341472984,0.018054954842474165,0.5308480512738825,0.007209174413177727,glcm,kNN
0.5662121714916166,0.025122505943194044,0.3982206500813177,0.012356159274292263,0.5508165412003315,0.01915135948205018,glcm,LogisticRegression
0.5043972915410483,0.03378798812423676,0.34613892364377596,0.027778911346542,0.49987936614266354,0.02714159947107452,hog,SVM_linear
0.4887992967625653,0.043814078937859206,0.3327974448183807,0.0355317542656631,0.48648423910389244,0.029591065168728718,hog,SVM_rbf
0.49951833656763195,0.02662121583757391,0.34006817720640437,0.028568689431513604,0.5059473827588856,0.014584747751478434,hog,RandomForest
0.4965964358740771,0.019374908187812272,0.338367879236191,0.032575535020212196,0.503259700516049,0.015881495052819647,hog,XGBoost
0.5048080198356201,0.03159541369757857,0.3426873228267408,0.03159841890120804,0.5018569306048661,0.01617055137121775,hog,kNN
0.5076262305986442,0.031132653535411735,0.34297673523403255,0.024383847606684928,0.5003947217686165,0.02139250177803434,hog,LogisticRegression
0.569799056541932,0.017973005871083476,0.40467382554551523,0.012342238506216883,0.5501675994375728,0.02078800034460871,radiomics,SVM_linear
0.5644310122746933,0.02221782414532893,0.3961293716152629,0.011745008145194902,0.5479217252584483,0.02163423961554754,radiomics,SVM_rbf
0.5469177149012693,0.025944378830825565,0.390736081815084,0.019227518202585222,0.5331627948477816,0.02406602731127522,radiomics,RandomForest
0.5382525044781421,0.019997313234123966,0.3633253907538799,0.015237359468339772,0.5092210606430144,0.016047550642601955,radiomics,XGBoost
0.5352725799220479,0.030291308512955237,0.3609085664000987,0.015529711179278404,0.5110640616847099,0.01026601995932973,radiomics,kNN
0.5691846050846276,0.01952905582305137,0.4060852691169264,0.016227497031165595,0.5449841071889902,0.01605551513725009,radiomics,LogisticRegression
0.5717328231126269,0.017483221183777577,0.4042750937711874,0.012006843749048965,0.5546377110420613,0.019445116559228585,all,SVM_linear
0.5664989962181652,0.02319142458922614,0.4007543267765092,0.018948163399634083,0.5512170139124064,0.015545554423915526,all,SVM_rbf
0.559695322115231,0.015331345558078715,0.4033264131253339,0.022232608084517456,0.5348395839911951,0.019468639178594056,all,RandomForest
0.5617729644332041,0.0192571425910708,0.40083186819654937,0.016565359455259394,0.5315948150805805,0.01578610617528461,all,XGBoost
0.5396606435389504,0.01249180099988739,0.37169658440447895,0.018546194025763747,0.5216942954528863,0.013911361792193608,all,kNN
0.5722650277000177,0.02067379394652775,0.4041871504029383,0.014012389819724745,0.5515126459709101,0.022833366118844713,all,LogisticRegression
